id,feature,weight,chartype,HI,AR,GK,AL,TB,VE,AV,OC,LI,OE,OI,LA,LU,LY,TA,PE,PR,LT,GO,ON,OG,WE,OS,UM
c1,P1,50,standard,4,1,1,1,1,1,1,1,1,1,2,2,5,6,1,1,1,1,1,1,1,2,3,3
c2,P2,50,standard,1,1,1,1,1,2,2,2,2,1,1,1,1,1,1,2,2,2,1,1,1,1,1,1
c3,P3,50,standard,1,1,1,1,1,2,2,2,2,1,1,1,1,1,1,2,3,4,1,1,1,1,1,1
c4,P4,50,standard,2,1,1,1,1,1,1,1,1,1,1,1,2,2,1,1,1,1,1,1,1,1,1,1
c5,P5,50,standard,2,1,1,1,1,1,1,1,1,1,1,1,2,2,1,1,1,1,1,1,1,1,1,1
c6,P6,50,standard,2,1,1,1,1,1,1,1,1,1,1,1,2,2,1,1,1,1,1,1,1,1,1,1
c7,P7,50,standard,2,1,1,1,1,1,1,1,1,1,1,1,2,2,1,1,1,1,1,1,1,1,1,1
c8,P8,50,standard,1,1,1,1,2,1,1,1,1,1,1,1,1,1,2,1,1,1,1,1,1,1,1,1
c9,P9,50,standard,1,1,1,1,2,1,1,1,1,1,1,1,1,1,2,1,1,1,1,1,1,1,1,1
c10,P10,50,standard,1,1,1,1,2,1,1,1,1,1,1,1,1,1,2,1,1,1,1,1,1,1,1,1
c11,P11,50,standard,1,1,1,1,2,1,1,1,1,1,1,1,1,1,2,1,1,1,1,1,1,1,1,1
c12,P12,50,standard,1,1,1,1,1,2,2,1,1,1,1,1,1,1,1,2,1,1,1,1,1,1,1,1
c13,P13,50,standard,1,1,1,1,1,2,2,1,1,1,1,1,1,1,1,3,1,1,1,1,1,1,1,1
c14,P14,50,standard,1,1,1,1,1,1,2,1,1,1,1,1,1,1,1,2,1,1,1,1,1,1,1,1
c15,P15,50,standard,1,1,1,1,1,1,1,2,2,1,1,1,1,1,1,1,2,2,1,1,1,1,1,1
c16,P16,50,standard,1,1,1,1,1,1,1,1,1,2,1,1,1,1,1,1,1,1,2,2,2,1,1,1
c17,P17,50,standard,1,1,1,1,1,1,1,1,1,2,1,1,1,1,1,1,1,1,2,2,2,1,1,1
c18,P18,50,standard,1,1,1,1,1,1,1,1,1,2,1,1,1,1,1,1,1,1,1,2,2,1,1,1
c19,P19,50,standard,1,1,1,1,1,1,1,1,1,2,1,1,1,1,1,1,1,1,1,1,2,1,1,1
c20,P20,50,standard,1,1,1,1,1,1,1,1,1,1,2,1,1,1,1,1,1,1,1,1,1,2,1,1
c21,P21,50,standard,1,1,1,1,1,1,1,1,1,1,2,1,1,1,1,1,1,1,1,1,1,2,1,1
c22,P22,50,standard,1,1,1,1,1,1,1,1,1,1,1,1,1,1,1,1,1,1,1,1,1,1,2,2
c23,M1a,1,standard,1,2,2,2,3,2,2,2,4,5,6,2,1,1,3,2,4,4,5,5,5,7,2,2
c24,M1b,1,standard,1,2,2,2,3,2,2,2,4,5,6,2,7,7,3,2,4,4,5,5,5,8,2,2
c25,M2,1,standard,2,1,1,3,4,1,1,5,6,7,8,9,10,11,12,1,13,14,15,16,17,18,19,20
c26,M3,50,standard,1,2,2,3,2,2,2,2,4,5,2,2,1,1,2,6,7,8,9,10,11,12,2,2
c27,M4,1,standard,1,4,1,5,3,6,7,8,9,10,11,2,12,13,3,14,15,16,17,18,19,20,21,22
c28,M5,50,standard,1,3,2,4,1,2,2,5,6,2,1,1,1,7,1,2,8,9,2,2,10,1,1,1
c29,M6,50,standard,4,5,2,6,1,2,2,2,2,2,3,3,7,8,1,2,2,2,2,2,2,3,3,3
c30,M8,50,standard,3,4,1,5,6,1,1,7,8,1,2,2,9,10,11,1,12,13,1,1,1,2,2,2
c31,M11,1,standard,1,1,1,3,1,1,1,1,1,1,2,2,1,4,1,1,1,1,1,1,1,5,2,2
c32,M12,50,standard,1,1,1,1,1,1,1,1,1,1,1,2,1,1,1,1,1,1,1,1,1,1,2,3
c33,M13,50,standard,1,1,1,1,1,1,1,1,1,1,1,2,1,1,1,1,1,1,1,1,1,1,2,2
c34,M14,50,standard,1,1,1,1,1,1,1,1,2,1,1,1,1,1,1,1,2,2,1,1,1,1,1,1
c35,M15,50,standard,1,1,1,1,1,1,1,1,1,2,1,1,1,1,1,1,1,1,1,1,2,1,1,1
c36,all1,1,standard,1,2,3,4,3,5,5,5,5,6,6,7,8,8,3,5,5,5,6,6,6,9,10,11
c37,all2,1,standard,1,2,3,4,3,5,5,12,12,6,13,7,8,8,3,5,12,12,6,6,6,9,10,11
c38,and,1,standard,1,2,3,4,5,6,6,7,7,8,9,10,1,1,11,6,12,13,14,15,8,6,16,10
c39,animal,1,standard,1,2,3,4,5,6,7,8,9,10,11,12,13,14,5,15,16,17,10,10,10,18,19,20
c40,ashes1,1,standard,1,2,3,4,5,1,6,7,7,1,8,9,10,11,5,12,7,7,1,1,1,8,13,14
c41,ashes2,1,standard,1,2,3,4,5,1,6,7,15,16,8,9,10,11,5,12,15,15,16,16,16,8,13,14
c42,at,1,standard,1,2,3,4,5,6,7,8,8,9,10,9,11,12,5,13,8,14,9,9,9,15,9,9
c43,bad,1,standard,1,2,3,4,1,5,6,7,8,9,10,11,1,12,13,14,15,16,9,17,9,18,11,19
c44,bark,1,standard,1,2,3,4,5,6,7,8,9,10,11,12,13,14,15,16,17,18,19,20,10,21,22,23
c45,because,1,standard,1,1,2,3,4,5,5,6,7,8,9,10,11,12,4,13,14,7,15,16,17,18,19,20
c46,belly1,1,standard,1,2,3,4,5,6,6,7,8,9,10,11,12,13,5,14,6,6,9,9,9,15,16,17
c47,belly2,1,standard,1,2,3,4,5,6,6,7,8,9,10,11,12,13,5,14,18,18,9,9,9,15,16,17
c48,big1,1,standard,1,2,2,2,3,2,2,4,5,2,6,2,7,8,9,10,11,12,2,2,2,6,13,13
c49,big2,1,standard,1,2,2,2,3,2,2,4,5,14,6,2,7,8,9,10,11,12,14,14,14,6,13,13
c50,bird,1,standard,1,2,3,4,5,6,6,7,8,9,10,6,11,12,5,13,14,7,9,9,9,10,15,6
c51,bite,1,standard,1,2,3,4,5,3,3,6,6,7,8,9,10,11,12,13,14,6,7,7,7,15,16,17
c52,breast1,1,standard,1,2,3,4,2,2,2,5,6,7,8,9,1,10,2,11,12,6,7,7,7,7,13,14
c53,breast2,1,standard,1,2,3,4,2,2,2,5,6,7,8,9,1,10,2,11,12,6,7,7,7,13,14,15
c54,breathe,1,standard,1,2,3,4,5,5,5,6,7,5,5,8,9,10,11,12,13,14,5,5,15,5,16,17
c55,burn,1,standard,1,2,3,4,4,4,4,5,4,6,7,8,9,10,4,11,12,4,6,6,6,7,13,14
c56,child,1,standard,1,2,3,4,5,6,7,8,9,10,11,12,13,14,5,15,16,17,10,10,18,19,20,21
c57,claw,1,standard,1,2,3,4,5,3,6,3,3,7,3,3,8,9,10,11,12,3,13,7,7,14,15,16
c58,day1,1,standard,1,2,2,1,3,1,4,1,1,5,6,1,7,8,3,9,1,1,5,5,5,10,1,1
c59,day2,1,standard,11,2,2,12,3,1,4,13,13,5,6,1,7,8,3,9,13,13,5,5,5,10,14,14
c60,day3,1,standard,1,1,2,1,3,4,4,1,1,5,6,1,7,8,3,9,10,1,5,5,5,1,11,12
c61,day4,1,standard,13,1,2,14,3,4,4,15,15,5,6,1,7,8,3,9,10,15,5,5,5,1,11,12
c62,dig,1,standard,1,2,3,4,5,6,6,7,8,9,10,1,11,12,5,6,13,14,9,9,9,10,15,16
c63,dirty,1,standard,1,2,3,4,5,6,7,8,9,10,11,12,13,14,15,16,17,18,19,19,19,20,21,22
c64,dog,1,standard,1,1,1,2,1,1,1,3,1,9,1,4,1,5,1,6,1,1,9,9,9,1,7,8
c65,drink,1,standard,1,2,3,3,1,3,4,3,5,6,3,3,1,7,1,8,3,5,6,6,6,3,3,9
c66,dull,1,standard,1,2,3,4,5,6,7,8,9,10,11,12,13,14,15,16,17,18,19,20,20,21,22,23
c67,dust,1,standard,1,2,3,4,5,7,8,9,10,6,12,13,14,15,5,16,17,18,19,11,19,20,21,22
c68,ear1,1,standard,1,2,2,2,3,4,5,2,2,2,9,2,1,6,3,5,2,2,2,2,2,9,7,8
c69,ear2,1,standard,1,2,2,2,3,4,5,2,2,10,9,2,1,6,3,5,2,2,10,10,10,9,7,8
c70,earth1,1,standard,1,2,3,1,1,1,1,1,1,4,5,6,1,7,1,8,1,1,4,4,4,9,6,10
c71,earth2,1,standard,1,2,3,1,1,1,1,11,11,4,5,6,1,7,1,8,11,11,4,4,4,9,6,10
c72,egg,1,standard,1,2,3,4,5,6,7,3,8,3,9,3,10,11,12,13,14,15,16,3,3,3,17,18
c73,eye1,1,standard,1,2,2,3,2,2,4,2,2,2,8,2,1,1,2,4,2,2,2,2,2,5,6,7
c74,eye2,1,standard,1,2,2,3,2,2,4,2,2,9,8,2,1,1,2,4,2,2,9,9,9,5,6,7
c75,far1,1,standard,1,2,14,3,4,1,1,5,6,15,7,16,8,9,4,1,10,6,15,15,15,11,12,13
c76,far2,1,standard,1,2,14,3,4,17,17,5,6,15,7,16,8,9,4,17,10,6,15,15,15,11,12,13
c77,fat,1,standard,1,2,3,4,5,6,6,7,7,8,9,10,11,12,5,13,7,7,14,8,15,16,17,10
c78,feather1,1,standard,1,2,3,4,3,3,3,3,5,6,7,18,8,9,10,11,12,13,14,6,6,15,16,17
c79,feather2,1,standard,1,2,19,4,20,21,21,3,5,6,7,18,8,9,10,11,12,13,14,6,6,15,16,17
c80,few1,1,standard,1,2,3,4,5,6,7,8,9,10,11,10,12,13,14,7,15,9,10,10,10,16,17,18
c81,few2,1,standard,1,2,3,4,5,6,7,8,9,10,11,19,12,13,14,7,15,9,10,10,10,16,17,18
c82,fish1,1,standard,1,2,2,3,4,5,5,6,2,7,7,7,8,9,10,11,2,2,7,7,7,12,13,14
c83,fish2,1,standard,1,2,2,3,4,5,5,6,2,7,15,16,8,9,10,11,2,2,7,7,7,12,13,14
c84,five,1,standard,1,2,2,2,2,2,2,2,2,6,2,2,3,4,2,5,2,2,6,6,6,2,2,2
c85,float1,1,standard,4,9,9,9,9,9,20,9,9,9,11,32,2,3,5,6,7,9,8,9,9,11,10,12
c86,float2,1,standard,4,9,9,9,9,9,20,9,1,1,11,32,2,3,5,6,7,1,8,1,1,11,10,12
c87,flower,1,standard,1,2,3,4,5,6,7,8,9,10,17,18,11,12,5,13,14,15,10,10,10,17,18,16
c88,foot,1,standard,1,1,1,2,1,1,1,3,4,1,5,1,1,1,1,1,3,4,1,1,1,5,1,1
c89,four1,1,standard,1,2,2,2,2,2,2,2,2,2,2,2,1,3,2,4,2,2,2,2,2,2,2,2
c90,four2,1,standard,1,2,2,2,2,2,2,2,2,5,2,2,1,3,2,4,2,2,5,5,5,2,2,2
c91,freeze,1,standard,1,2,3,4,5,6,7,8,9,10,11,12,13,14,15,16,17,9,10,10,10,10,18,19
c92,fruit,1,standard,1,2,3,4,5,6,7,8,9,10,11,12,13,14,15,16,17,18,19,20,10,21,22,23
c93,full1,1,standard,1,2,3,4,5,6,6,6,6,6,6,6,7,8,5,9,6,6,6,6,6,6,10,6
c94,full2,1,standard,1,2,3,4,5,6,6,6,6,6,6,11,7,8,5,9,6,6,6,6,6,6,10,11
c95,give1,1,standard,1,2,2,3,1,2,2,2,2,4,5,2,1,1,1,2,2,2,4,4,4,2,2,2
c96,give2,1,standard,6,2,7,3,1,7,7,8,8,4,5,7,6,6,1,7,8,8,4,4,4,9,7,7
c97,good,1,standard,1,2,3,4,5,6,6,7,8,9,10,11,6,12,5,6,13,13,9,9,9,14,15,16
c98,grass,1,standard,1,2,3,4,5,6,7,8,9,10,11,12,13,14,5,15,16,9,17,10,10,1,18,19
c99,green1,1,standard,1,2,3,4,5,3,6,3,3,7,8,9,1,10,11,12,3,3,13,7,7,14,15,16
c100,green2,1,standard,1,2,3,4,5,3,6,3,16,7,8,9,1,10,11,12,16,16,13,7,7,14,15,17
c101,guts,1,standard,1,2,2,3,4,2,5,6,7,8,9,2,10,11,12,13,14,15,16,8,8,17,18,19
c102,hand1,1,standard,1,1,1,1,1,1,1,2,2,3,4,5,1,1,1,1,2,2,3,3,3,4,5,5
c103,hand2,1,standard,1,1,1,1,1,6,6,2,2,3,4,5,1,1,1,6,2,2,3,3,3,4,5,5
c104,head,1,standard,1,2,3,4,5,6,6,7,7,8,9,10,11,12,13,14,7,7,8,10,8,9,15,16
c105,heart1,1,standard,1,1,1,2,3,1,1,1,1,1,1,1,1,4,3,5,1,1,1,1,1,6,7,8
c106,heart2,1,standard,1,1,1,2,3,9,9,1,1,10,1,1,1,4,3,5,1,1,10,10,10,6,7,8
c107,how,1,standard,1,2,2,2,3,2,2,2,2,2,2,2,4,5,6,7,2,2,2,2,2,2,8,9
c108,hunt,1,standard,1,2,3,4,5,6,7,8,9,10,11,12,13,14,15,16,9,9,17,18,18,19,20,21
c109,ice,1,standard,1,2,3,4,5,6,7,8,8,7,1,9,10,11,12,13,8,8,14,7,7,1,15,16
c110,in1,1,standard,1,1,1,1,2,3,4,1,1,1,1,1,1,1,2,5,1,6,1,1,1,1,1,1
c111,in2,1,standard,7,1,1,1,2,3,4,1,1,1,1,1,7,7,2,5,1,6,1,1,1,1,1,1
c112,knee1,1,standard,1,1,1,1,1,1,1,2,9,1,1,1,3,4,1,5,6,9,1,1,1,1,7,8
c113,knee2,1,standard,1,1,1,1,1,1,1,2,9,10,11,1,3,4,1,5,6,9,10,10,10,11,7,8
c114,laugh,1,standard,1,2,2,3,4,5,6,7,8,9,10,11,12,13,4,14,15,7,9,9,9,16,17,18
c115,lefthand,1,standard,1,2,3,4,5,6,6,6,7,8,9,10,11,12,5,13,14,15,16,8,8,17,18,18
c116,leg,1,standard,1,2,3,4,5,6,7,8,9,10,11,2,12,13,14,15,16,9,17,18,19,11,20,21
c117,live1,1,standard,1,2,2,3,2,2,2,2,2,4,2,2,5,6,2,2,2,2,4,4,4,2,7,8
c118,live2,1,standard,1,2,9,3,9,9,9,9,10,4,11,9,5,6,9,9,9,12,4,4,4,11,7,8
c119,liver,1,standard,1,16,2,3,4,2,2,5,6,7,8,2,9,10,11,12,2,2,13,7,7,8,14,15
c120,long1,1,standard,1,2,3,4,5,6,6,6,6,7,8,7,9,10,5,6,6,11,7,7,7,12,13,14
c121,long2,1,standard,1,2,3,4,5,6,6,6,15,7,8,7,9,10,5,6,15,11,7,7,7,12,13,14
c122,louse,1,standard,1,2,3,4,5,6,7,8,9,10,11,12,13,14,15,16,17,9,18,10,10,10,19,20
c123,meat,1,standard,1,2,3,2,2,2,4,2,2,5,6,7,8,9,10,11,2,12,2,13,5,14,15,16
c124,mother,1,standard,1,2,2,3,2,2,2,2,2,2,2,2,1,1,2,2,2,2,4,2,2,5,2,2
c125,mountain1,1,standard,1,2,3,4,5,6,6,6,7,8,9,10,11,12,5,13,14,7,15,16,8,10,17,18
c126,mountain2,1,standard,1,2,3,4,5,6,6,19,7,8,9,10,11,12,5,13,14,7,15,16,8,20,17,18
c127,mouth,1,standard,1,2,3,4,5,1,1,6,7,8,9,1,1,10,5,11,6,12,8,8,8,9,13,14
c128,name1,1,standard,1,1,1,1,1,1,1,1,2,1,1,1,1,1,1,1,1,2,1,1,1,1,1,1
c129,name2,1,standard,3,1,1,1,1,1,1,1,2,1,1,1,4,4,1,1,1,2,1,1,1,1,1,1
c130,near,1,standard,1,2,3,4,5,6,7,8,9,10,11,12,13,14,15,7,16,17,10,10,10,18,19,19
c131,nose,1,standard,1,2,3,4,5,6,6,6,6,6,7,6,8,9,5,6,6,10,11,6,6,12,13,14
c132,not,1,standard,1,2,2,1,3,1,1,1,1,1,1,1,1,1,3,1,1,1,1,4,1,1,1,1
c133,one,1,standard,1,2,2,2,2,9,10,3,4,11,11,11,5,6,2,10,11,4,11,11,11,11,7,8
c134,other,1,standard,1,2,2,3,2,4,4,5,6,10,2,2,7,8,2,4,6,6,10,10,10,2,2,9
c135,pierce,1,standard,1,2,3,4,5,6,7,8,9,10,11,8,12,13,5,14,8,9,15,16,17,18,19,20
c136,play,1,standard,1,2,3,4,5,6,7,8,9,10,11,12,13,14,15,16,17,18,19,20,21,22,23,24
c137,push,1,standard,1,2,3,4,5,5,6,7,8,9,10,11,12,13,5,14,15,8,9,9,9,16,17,18
c138,rain1,1,standard,1,2,3,3,3,4,5,6,7,8,9,10,11,12,3,13,14,7,8,8,8,15,16,17
c139,rain2,1,standard,1,2,3,3,18,4,5,6,7,8,9,10,11,12,18,13,14,7,8,8,8,15,16,17
c140,righthand,1,standard,1,2,3,13,4,14,14,14,14,5,15,16,6,7,8,9,10,11,17,12,17,18,16,16
c141,right,1,standard,1,2,3,4,5,6,17,7,8,18,9,18,10,11,12,13,14,15,18,18,18,9,16,18
c142,river,1,standard,1,2,3,4,5,6,7,8,9,10,1,11,1,12,13,7,9,9,10,10,10,1,14,15
c143,root,1,standard,1,2,3,4,5,6,7,8,9,10,11,10,12,13,14,15,9,9,10,10,10,10,16,17
c144,rotten,1,standard,1,2,3,4,5,6,17,7,18,19,8,20,9,10,11,12,13,21,19,22,19,14,15,16
c145,round,1,standard,1,2,3,4,5,6,7,8,9,10,11,12,13,14,15,16,17,9,18,10,10,11,19,20
c146,rub,1,standard,1,2,3,4,5,6,7,8,8,9,10,11,12,13,14,15,16,17,18,18,9,19,20,21
c147,salt,1,standard,1,2,2,3,11,4,5,2,6,12,13,2,7,8,11,9,2,2,12,12,12,13,10,2
c148,sand,1,standard,1,2,2,3,4,5,6,7,8,2,9,10,11,12,4,13,14,8,15,2,2,16,17,18
c149,scratch,1,standard,1,2,3,4,5,6,7,8,9,10,11,12,13,14,15,16,17,18,19,12,20,21,22,23
c150,see,1,standard,1,2,3,4,5,6,7,8,9,10,11,8,12,13,5,7,8,14,10,10,10,15,16,8
c151,sew,1,standard,1,2,3,4,5,6,7,6,6,6,8,6,9,10,11,12,13,6,6,18,14,15,16,17
c152,short,1,standard,1,2,3,4,5,6,3,7,8,9,10,3,1,11,12,13,14,14,15,16,16,10,17,18
c153,sing,1,standard,1,2,3,4,5,6,7,5,8,9,10,10,11,12,5,13,14,15,9,9,9,10,16,10
c154,smell,1,standard,1,2,2,3,4,5,6,7,8,9,10,2,11,12,4,13,14,2,15,16,9,17,18,19
c155,smoke,1,standard,1,2,3,4,5,17,6,17,17,7,9,17,10,11,12,13,17,17,14,7,7,8,15,16
c156,smooth,1,standard,1,2,3,4,5,6,7,8,8,9,10,3,11,12,13,14,15,8,16,16,16,17,18,19
c157,some,1,standard,1,14,2,3,4,15,5,16,17,18,6,19,7,8,4,15,9,10,18,18,18,11,12,13
c158,spit,1,standard,1,2,3,4,5,6,3,3,3,3,7,3,8,9,10,11,12,3,3,3,3,13,14,15
c159,squeeze,1,standard,1,2,3,4,5,3,6,7,8,9,10,11,12,13,14,15,16,17,9,9,18,10,19,20
c160,stand1,1,standard,1,2,3,4,5,3,3,3,3,3,3,3,3,3,5,3,3,3,3,3,3,3,3,3
c161,stand2,1,standard,1,2,3,4,5,3,3,3,6,7,3,8,3,3,5,3,3,6,7,7,7,3,8,8
c162,star1,1,standard,1,1,1,2,1,1,1,3,3,1,4,1,5,6,1,7,8,3,1,1,1,1,9,10
c163,star2,1,standard,1,1,1,2,11,1,1,3,3,12,4,1,5,6,11,7,8,3,12,12,12,1,9,10
c164,stick,1,standard,1,2,3,4,5,6,7,8,9,10,11,3,12,13,14,15,9,16,17,18,19,20,21,22
c165,stone,1,standard,1,2,3,4,5,6,6,6,6,7,8,9,10,11,12,6,13,6,7,7,7,14,15,9
c166,straight,1,standard,1,2,3,4,5,6,6,7,8,17,6,17,9,10,11,12,13,8,17,17,17,14,15,16
c167,suck2,1,standard,1,2,2,3,4,2,5,15,6,16,2,16,7,8,9,10,11,6,12,16,16,2,13,14
c168,sun1,1,standard,1,2,3,4,5,3,3,3,3,3,6,3,11,7,5,8,3,3,3,3,3,3,9,10
c169,swell,1,standard,1,2,2,3,4,5,5,6,7,8,9,10,11,12,13,14,15,16,17,8,8,18,19,20
c170,tail,1,standard,1,2,3,4,5,6,7,8,9,10,23,11,12,13,14,15,16,17,18,19,10,20,21,22
c171,there,1,standard,2,3,5,6,6,6,8,6,6,6,9,7,11,12,6,13,6,6,6,6,6,15,7,7
c172,thick,1,standard,1,2,3,4,5,3,6,7,8,9,9,10,11,12,13,14,15,16,17,9,9,9,18,19
c173,thin,1,standard,1,2,3,4,5,6,7,6,8,6,6,6,9,10,11,12,13,6,14,6,6,6,15,16
c174,thou,1,standard,1,1,1,1,1,1,1,1,1,1,1,1,1,3,1,1,1,1,1,1,1,2,1,6
c175,three,1,standard,1,1,1,1,1,1,1,1,1,1,1,1,1,1,1,1,1,1,1,1,1,1,1,1
c176,throw,1,standard,1,2,3,4,5,1,1,6,6,7,8,9,10,11,12,1,6,6,7,7,7,13,14,15
c177,tongue1,1,standard,1,2,3,4,2,2,2,2,2,2,2,2,1,5,2,2,2,6,2,2,2,2,2,7
c178,tongue2,1,standard,1,2,3,4,8,9,9,10,11,12,13,2,1,5,8,9,10,6,12,12,12,13,14,7
c179,tongue3,1,standard,1,2,3,4,8,9,15,10,11,12,13,2,1,5,8,15,10,6,12,12,12,13,14,7
c180,tree1,1,standard,1,2,1,1,3,4,5,1,6,1,7,8,9,10,3,11,12,13,14,1,17,7,15,16
c181,tree2,1,standard,1,2,1,1,3,4,5,1,6,18,7,8,9,10,3,11,12,13,14,18,17,7,15,16
c182,turn,1,standard,1,2,3,4,5,6,7,8,6,9,10,6,11,12,5,6,6,6,9,13,9,14,15,6
c183,two,1,standard,1,1,1,1,1,1,1,1,1,1,1,1,2,1,1,1,1,1,1,1,1,1,3,1
c184,vomit,1,standard,1,2,3,4,5,3,3,6,3,7,8,3,9,10,11,12,3,3,13,7,7,8,14,15
c185,us,1,standard,2,2,2,2,1,2,2,2,3,2,2,2,2,5,1,6,3,3,2,2,2,2,8,10
c186,what,1,standard,1,1,1,1,1,1,1,1,1,1,1,1,1,1,1,2,1,1,1,1,1,1,1,1
c187,when1,1,standard,1,8,9,10,2,11,11,12,11,13,14,15,16,3,2,4,11,11,13,13,13,17,5,6
c188,who,1,standard,1,1,1,1,1,1,1,1,1,1,1,1,1,1,1,1,1,1,1,1,1,1,1,1
c189,wife,1,standard,1,1,1,2,1,1,3,1,4,1,1,5,6,7,1,8,1,9,1,1,1,10,11,12
c190,wind1,1,standard,1,2,2,3,1,1,1,1,1,1,4,1,5,6,1,7,1,1,1,1,1,1,8,9
c191,wind2,1,standard,1,2,2,3,10,11,11,12,13,10,4,10,5,6,10,7,12,13,10,10,10,10,8,9
c192,wing1,1,standard,1,3,1,4,5,1,1,6,1,2,17,7,8,9,10,11,12,1,13,14,2,18,15,16
c193,wing2,1,standard,1,3,19,4,5,20,20,6,21,2,17,7,8,9,10,11,12,21,13,14,2,18,15,16
c194,wipe,1,standard,1,2,3,4,5,6,7,8,9,10,11,12,1,13,5,14,15,16,17,18,17,19,20,21
c195,woman,1,standard,1,1,1,2,3,1,1,1,4,5,1,6,1,7,3,8,1,9,1,1,5,1,10,11
c196,you,1,standard,1,3,1,4,5,1,1,1,2,1,1,1,1,7,5,9,1,2,1,1,1,1,10,12
c197,yellow1,1,standard,1,2,3,4,5,6,6,6,6,6,7,8,1,9,10,11,6,6,12,6,6,13,14,15
c198,yellow2,1,standard,1,2,3,4,5,16,16,6,17,18,7,8,1,9,10,11,17,17,12,6,18,13,14,15
c199,arm,1,standard,1,2,3,4,5,5,5,6,7,8,9,10,11,12,5,13,8,7,8,8,8,14,15,16
c200,autumn,1,standard,1,2,3,4,5,6,7,3,8,9,10,11,12,13,14,15,3,8,3,16,9,17,18,19
c201,be_awake,1,standard,1,2,3,4,5,3,3,6,6,7,8,17,9,10,11,12,6,13,7,7,7,14,15,16
c202,axle,1,standard,1,2,3,4,5,3,6,3,3,3,7,3,8,9,10,11,3,3,12,3,3,3,13,14
c203,bear,1,standard,1,1,1,1,2,1,1,3,4,5,6,1,7,8,9,10,4,4,11,5,5,1,12,13
c204,beard,1,standard,1,1,2,1,3,1,4,5,5,5,6,5,7,8,9,10,5,5,11,12,5,13,14,15
c205,bee2,1,standard,1,2,16,17,3,4,5,6,18,6,6,7,8,9,10,11,18,18,12,6,6,13,14,15
c206,be_born,1,standard,1,2,2,3,4,2,2,5,6,7,2,2,8,9,4,10,6,6,7,7,7,2,2,11
c207,bow1,1,standard,1,2,3,4,5,6,6,7,7,8,9,10,11,12,13,6,14,7,15,8,8,16,17,18
c208,bow2,1,standard,1,2,3,4,5,6,19,7,7,8,9,10,11,12,13,19,14,7,15,8,8,16,17,18
c209,break1,1,standard,1,2,3,4,5,2,6,7,8,9,2,9,10,11,5,12,7,8,9,13,9,14,15,16
c210,break2,1,standard,1,2,3,4,5,2,6,7,8,9,2,17,10,11,5,12,7,8,9,13,9,14,15,16
c211,bronze,1,standard,1,2,3,4,5,6,7,8,9,7,10,7,11,12,13,14,15,16,7,7,7,10,7,7
c212,brother1,1,standard,1,2,3,4,2,2,2,2,2,2,2,2,1,1,2,2,2,2,2,2,2,2,2,2
c213,brother2,1,standard,1,2,3,4,2,2,2,2,5,2,2,2,1,1,2,2,2,5,2,2,2,2,2,2
c214,brother-in-law,1,standard,1,2,2,3,4,2,5,2,6,2,7,2,8,9,10,11,12,6,13,14,15,16,17,18
c215,buy,1,standard,1,16,17,2,3,3,4,5,6,7,3,8,9,10,11,12,13,6,7,14,15,3,8,8
c216,carry1,1,standard,1,2,2,3,2,2,2,4,4,2,2,2,1,5,2,2,6,4,2,2,7,8,2,2
c217,carry2,1,standard,1,2,2,3,2,2,2,9,4,2,2,2,1,5,2,2,6,4,2,2,7,8,2,2
c218,comb,1,standard,1,2,3,4,5,6,7,8,9,10,20,3,11,12,13,14,15,16,17,10,10,18,19,3
c219,cook,1,standard,1,2,3,4,3,3,3,5,6,7,8,3,9,10,3,11,12,13,14,15,16,17,18,19
c220,darkness,1,standard,1,2,3,4,5,6,6,6,6,7,16,6,8,9,5,10,11,6,12,13,17,16,14,15
c221,daughter,1,standard,1,2,2,3,2,2,2,2,2,2,4,5,2,2,2,6,2,7,2,2,2,8,2,9
c222,daughter-in-law,1,standard,1,2,2,2,3,2,4,2,5,2,6,2,7,8,9,10,5,11,12,2,2,13,14,15
c223,drive,1,standard,1,2,4,5,7,3,3,9,9,10,3,3,13,14,16,17,9,9,10,18,10,19,21,3
c224,eight,1,standard,1,2,2,2,2,2,2,2,2,2,2,2,3,2,2,4,2,2,2,2,2,2,5,6
c225,elbow1,1,standard,1,2,3,4,5,6,6,7,7,8,8,9,10,11,12,13,7,7,14,8,8,8,15,16
c226,elbow2,1,standard,1,2,3,4,5,6,6,7,7,17,8,9,10,11,12,13,7,7,14,17,17,18,15,16
c227,eyebrow,1,standard,1,2,3,4,3,3,3,3,5,3,3,6,7,8,3,9,3,10,11,3,3,12,13,14
c228,father-in-law,1,standard,1,2,3,4,5,4,4,4,6,4,7,4,8,9,10,11,12,13,4,14,4,15,16,17
c229,finger,1,standard,1,2,3,4,5,6,7,8,8,9,10,11,12,13,5,14,8,8,9,9,9,15,16,17
c230,fly,1,standard,1,2,2,2,3,4,4,2,2,5,6,2,7,8,9,10,2,2,11,5,5,6,12,13
c231,follow,1,standard,1,2,3,4,5,3,3,6,3,7,3,3,8,9,3,10,11,3,12,7,7,13,14,15
c232,free,1,standard,1,2,3,4,5,6,7,8,9,10,11,3,12,1,13,14,15,16,10,10,10,10,3,17
c233,furrow,1,standard,1,2,3,4,5,6,7,8,9,10,11,12,13,14,15,16,17,9,18,19,10,10,20,21
c234,goat,1,standard,1,2,3,4,5,4,6,7,4,8,9,10,11,12,5,13,4,14,8,8,8,9,15,10
c235,gold,1,standard,1,2,3,4,5,6,6,14,7,15,8,7,9,10,5,6,7,16,15,15,15,11,12,13
c236,goose,1,standard,1,2,3,4,5,3,6,3,3,3,7,3,8,9,10,11,3,3,12,3,3,7,13,14
c237,grind,1,standard,1,2,2,3,4,5,6,1,1,7,1,1,8,9,10,11,12,1,1,1,1,1,13,1
c238,half,1,standard,1,2,3,4,5,6,7,8,9,10,11,12,13,14,15,16,17,9,10,10,10,18,19,20
c239,horse,1,standard,1,2,3,4,3,3,3,5,6,7,3,3,3,3,3,3,8,9,3,7,7,10,11,12
c240,hundred,1,standard,1,2,3,4,3,3,3,3,3,3,3,3,5,6,3,7,8,3,3,3,9,3,10,11
c241,jaw,1,standard,1,2,2,3,4,2,2,5,2,6,7,8,9,10,2,11,12,13,14,17,2,2,15,16
c242,join,1,standard,1,2,3,4,5,6,6,7,6,8,9,6,10,11,5,12,13,14,15,16,8,17,18,19
c243,king,1,standard,1,2,3,4,5,6,7,8,9,10,6,6,11,11,5,7,12,13,14,10,10,15,16,17
c244,knot,1,standard,1,2,3,4,5,6,7,8,9,10,11,12,13,14,15,16,17,9,18,10,10,19,20,21
c245,leave1,1,standard,1,2,2,3,4,2,2,5,2,3,6,2,7,8,4,9,10,11,3,3,3,12,13,14
c246,leave2,1,standard,1,2,2,15,4,2,2,5,2,3,6,2,7,8,4,9,10,11,3,3,3,12,13,14
c247,lick,1,standard,1,2,2,3,4,2,2,2,2,2,2,2,5,6,7,8,9,2,2,2,2,2,10,11
c248,light,1,standard,1,1,2,3,1,1,1,4,4,1,1,1,5,6,1,7,8,9,1,1,1,1,10,11
c249,livestock,1,standard,1,2,3,4,5,6,6,7,8,6,9,6,10,11,12,13,14,15,16,6,6,17,18,6
c250,middle,1,standard,1,2,2,2,3,2,2,4,5,2,2,2,6,7,3,8,9,5,2,2,2,10,2,11
c251,milk1,1,standard,1,2,3,4,5,6,6,7,15,5,5,16,8,9,5,10,11,15,5,5,5,12,13,14
c252,milk2,1,standard,1,2,3,4,5,6,6,7,15,17,5,16,8,9,5,10,11,15,17,17,17,12,13,14
c253,mother_in_law,1,standard,1,2,3,2,4,2,5,2,6,2,7,2,8,9,10,11,12,13,2,14,2,15,16,17
c254,mouse,1,standard,1,2,2,2,3,2,4,2,5,2,6,2,7,8,9,10,11,5,12,2,2,6,13,14
c255,nail,1,standard,1,2,3,4,12,3,5,13,14,15,16,3,6,7,12,8,13,14,9,15,15,16,10,11
c256,naked,1,standard,1,1,1,2,3,1,1,12,12,13,14,1,4,5,6,7,8,9,13,13,13,14,10,11
c257,navel,1,standard,1,2,3,4,5,3,3,6,7,16,3,3,8,9,10,11,3,3,12,16,16,13,14,15
c258,nine,1,standard,1,2,2,2,2,2,2,5,5,2,2,2,3,2,2,2,2,5,2,2,2,2,4,2
c259,now1,1,standard,1,2,1,1,1,12,12,1,3,1,4,1,1,5,6,12,7,8,1,1,1,9,10,11
c260,now2,1,standard,1,2,1,1,1,13,12,1,3,1,4,1,1,5,6,12,7,8,1,1,1,9,10,11
c261,orphan,1,standard,1,2,2,3,4,5,6,7,8,9,10,2,11,12,13,14,15,16,17,18,19,20,21,22
c262,plow,1,standard,1,2,3,4,5,6,6,3,3,3,3,3,7,8,9,10,3,3,3,3,3,3,11,12
c263,pour,1,standard,1,2,3,4,3,5,5,6,6,14,7,14,1,8,3,9,6,6,14,10,14,11,12,13
c264,remember,1,standard,1,2,3,4,5,6,6,3,3,3,3,3,7,8,5,9,10,3,3,3,11,3,3,12
c265,roof,1,standard,1,2,3,4,5,6,7,8,17,18,19,20,9,10,11,12,17,13,14,18,18,19,15,16
c266,row,1,standard,1,2,3,4,5,6,7,8,9,20,20,21,10,11,12,13,14,9,15,20,16,17,18,19
c267,send,1,standard,1,2,3,4,5,6,7,8,9,10,11,12,13,14,5,6,15,16,10,10,10,17,18,19
c268,seven,1,standard,1,1,1,1,1,1,1,1,1,7,1,1,2,3,1,4,1,1,7,7,7,1,5,6
c269,silver,1,standard,1,2,10,4,5,3,3,6,11,12,3,3,7,8,5,3,13,14,12,12,12,3,3,9
c270,sister,1,standard,1,2,3,4,2,2,2,2,2,2,2,2,1,5,2,6,2,7,2,2,2,2,8,9
c271,sister-in-law,1,standard,1,2,3,4,5,6,7,3,8,9,10,3,11,12,13,14,15,8,16,17,18,19,20,21
c272,six,1,standard,1,2,2,2,2,2,2,2,2,2,2,2,3,4,2,5,2,2,2,2,2,2,6,7
c273,son-in-law1,1,standard,1,2,3,3,4,3,3,3,3,5,6,3,7,8,9,10,11,12,13,13,5,14,15,16
c274,son-in-law2,1,standard,1,2,3,3,4,17,17,18,18,5,6,3,7,8,9,10,11,12,13,13,5,14,15,16
c275,spin,1,standard,1,2,3,4,5,6,7,8,9,10,3,3,11,12,13,14,15,9,10,10,10,3,16,17
c276,spring1,1,standard,1,1,1,2,3,1,1,1,1,4,5,1,6,7,8,1,9,1,10,1,4,1,11,12
c277,spring2,1,standard,13,1,1,2,3,1,1,1,14,4,5,1,6,7,8,1,9,14,10,1,4,1,11,12
c278,summer1,1,standard,1,2,3,4,2,5,2,6,7,2,2,8,9,10,2,11,12,7,13,2,2,2,14,15
c279,summer2,1,standard,1,2,3,4,17,5,2,6,7,18,2,8,9,10,17,11,12,7,13,18,18,2,14,15
c280,sweet1,1,standard,1,2,3,4,6,5,8,9,9,6,7,11,12,14,6,17,18,9,19,6,6,7,21,23
c281,sweet2,1,standard,1,2,3,4,10,5,8,9,9,6,7,11,12,14,10,17,18,9,19,6,6,7,21,23
c282,ten,1,standard,1,2,2,2,2,2,2,2,2,2,2,2,3,4,2,5,2,2,2,2,2,2,6,2
c283,thousand1,1,standard,1,2,3,4,5,3,3,6,6,6,7,8,9,10,5,11,6,6,6,6,6,12,13,14
c284,thousand2,1,standard,1,2,3,4,5,15,15,6,6,6,7,8,9,10,5,11,6,6,6,6,6,12,13,14
c285,twenty,1,standard,1,2,2,3,2,2,2,4,4,5,2,2,6,7,2,8,9,4,5,5,5,2,10,11
c286,udder,1,standard,1,2,3,4,5,3,6,7,8,3,9,3,10,11,12,13,14,8,15,3,3,16,17,18
c287,wasp,1,standard,1,2,3,4,5,6,7,8,7,7,9,7,10,11,12,13,7,14,15,16,17,18,19,20
c288,widow,1,standard,1,2,3,2,4,2,2,2,5,2,2,2,6,7,8,9,2,10,2,11,2,2,12,13
c289,winter,1,standard,2,2,2,2,2,2,2,2,2,7,2,2,9,11,2,14,2,2,7,7,7,2,17,19
c290,wool,1,standard,1,2,3,4,5,1,1,1,1,1,12,1,1,6,7,8,9,1,1,1,1,12,10,11
c291,yoke,1,standard,1,1,1,2,3,1,4,1,1,1,1,1,5,6,7,8,9,1,1,1,1,1,10,11
c292,young1,1,standard,1,2,2,3,4,5,5,5,5,5,5,5,6,7,8,9,10,5,5,5,5,5,11,5
c293,young2,1,standard,1,2,2,3,4,5,5,5,5,12,12,5,6,7,8,9,10,5,12,12,12,12,11,5
c294,tear,1,standard,1,2,2,3,11,11,11,4,11,2,2,2,5,6,11,7,8,11,2,2,2,2,9,10